Iteration,Objective_Value
1,0.6198641481852656
2,0.665778022248497
3,0.6339946629735005
4,0.5381948907172824
5,0.7980489581846235
6,0.7597182927148283
7,0.6923272582228941
8,0.7239474548707281
9,0.608253203139906
10,0.6582189977831392
